subcategory_id,summary
GOVERN 1.1,"The organization knows which laws and rules apply to its AI systems and records how it handles them."
GOVERN 1.2,"Expectations for trustworthy AI are built into the organization's policies and day-to-day procedures."
GOVERN 1.3,"The organization sets how much risk management each AI system needs, based on the risk it is willing to accept."
GOVERN 1.4,"Transparent policies and controls define the risk management process and its results, in line with the organization's risk priorities."
GOVERN 1.5,"The organization plans ongoing checks of its risk management, names who is responsible, and sets how often reviews happen."
GOVERN 1.6,"The organization keeps a list of its AI systems and staffs that work according to its risk priorities."
GOVERN 1.7,"There is a safe way to retire AI systems without creating new risks or making the organization less trustworthy."
GOVERN 2.1,"Roles, responsibilities, and communication paths for AI risk work are written down and clear across the organization."
GOVERN 2.2,"Staff and partners are trained so they can carry out AI risk duties in line with policies and agreements."
GOVERN 2.3,"Senior leaders take responsibility for decisions about risks from developing and deploying AI systems."
GOVERN 3.1,"Decisions about AI risk across the system lifecycle draw on people with a range of backgrounds, skills, and experience."
GOVERN 3.2,"Policies define who does what when people and AI systems work together, including who oversees the system."
GOVERN 4.1,"Policies encourage critical thinking and a safety-first approach so AI is designed and used in ways that limit harm."
GOVERN 4.2,"Teams record the risks and impacts of the AI they design, deploy, and use, and they communicate those impacts more widely."
GOVERN 4.3,"The organization has practices for testing AI, finding incidents, and sharing information about them."
GOVERN 5.1,"The organization gathers and uses feedback from people outside the build team about how AI could affect individuals and society."
GOVERN 5.2,"Reviewed feedback from relevant people is regularly built into how AI systems are designed and put into practice."
GOVERN 6.1,"Policies address AI risks that come from third parties, including the risk of infringing someone else's intellectual property or other rights."
GOVERN 6.2,"Backup plans exist for failures or incidents in third-party data or AI systems that are treated as high risk."
MAP 1.1,"The system's purpose, expected users, legal and social setting, and likely benefits and harms are understood and written down."
MAP 1.2,"People from different disciplines and backgrounds help establish the context, and their participation is recorded."
MAP 1.3,"The organization's mission and its goals for the AI technology are understood and documented."
MAP 1.4,"The business reason for using the AI is clearly defined, or checked again for a system already in use."
MAP 1.5,"The organization writes down how much AI risk it is willing to accept."
MAP 1.6,"Relevant people agree on system requirements, such as respecting user privacy, and design choices account for social as well as technical effects."
MAP 2.1,"The task the AI system will support, and the method used to carry it out, are defined."
MAP 2.2,"The organization documents what the system does not know and how people are expected to use and oversee its results."
MAP 2.3,"Needs for scientific integrity and for testing are identified, including how data are chosen and whether the system measures what it claims to measure."
MAP 3.1,"The expected benefits of what the AI system is meant to do, and how well it should perform, are examined and documented."
MAP 3.2,"The costs of AI errors and of how the system behaves, including costs that are not money, are examined against the organization's risk tolerance and documented."
MAP 3.3,"The organization writes down where the system is meant to be applied, based on what it can do and the context it was built for."
MAP 3.4,"The organization defines and checks how operators stay proficient with system performance, trustworthiness, and relevant standards."
MAP 3.5,"Human oversight is defined, checked, and documented in line with the organization's governance policies."
MAP 4.1,"The organization maps technical and legal risks in AI components, including third-party data or software and possible infringement of others' rights."
MAP 4.2,"Internal risk controls for system components, including third-party AI technologies, are identified and documented."
MAP 5.1,"For each impact, the organization estimates how likely it is and how large it could be, using expected use, similar past uses, public incidents, and outside feedback."
MAP 5.2,"People and practices are in place to keep engaging relevant parties and to use their feedback on expected and unexpected impacts."
MEASURE 1.1,"The organization chooses how to measure the AI risks found during mapping, starts with the most important ones, and records risks it will not or cannot measure."
MEASURE 1.2,"Metrics and existing controls are reviewed regularly and updated, including when errors affect communities."
MEASURE 1.3,"People who did not build the system, and outside experts or affected communities when the risk calls for it, take part in regular assessments."
MEASURE 2.1,"Test sets, metrics, and the tools used to test, evaluate, validate, and verify the system are documented."
MEASURE 2.2,"Tests that involve people follow human-subject protections and represent the population that matters."
MEASURE 2.3,"Performance is measured in conditions similar to real deployment, and those measures are documented."
MEASURE 2.4,"The behavior of the AI system and its parts is monitored while the system is in production."
MEASURE 2.5,"The system is shown to be valid and reliable for deployment, and limits on using it outside the conditions it was built for are documented."
MEASURE 2.6,"Safety risks are evaluated regularly, leftover risk stays within tolerance, and the system can fail safely if pushed beyond what it knows."
MEASURE 2.7,"The system's security and ability to withstand disruption are evaluated and documented."
MEASURE 2.8,"Risks related to transparency and accountability are examined and documented."
MEASURE 2.9,"The model is explained, checked, and documented, and its outputs are interpreted in context so people can use and oversee it responsibly."
MEASURE 2.10,"Privacy risks of the AI system are examined and documented."
MEASURE 2.11,"Fairness and bias are evaluated, and the results are documented."
MEASURE 2.12,"The environmental impact of training and managing the AI model is assessed and documented."
MEASURE 2.13,"The organization checks whether its testing metrics and processes work, and documents that check."
MEASURE 3.1,"The organization regularly finds and tracks known, unexpected, and newly emerging risks based on how the system actually performs in use."
MEASURE 3.2,"The organization plans how to track risks that current measurement methods cannot assess well."
MEASURE 3.3,"End users and affected communities can report problems and appeal outcomes, and that feedback is built into evaluation."
MEASURE 4.1,"Ways of measuring AI risk are tied to the deployment setting and shaped by advice from domain experts and users."
MEASURE 4.2,"Experts and other relevant people review measurement results to confirm the system still behaves as intended where it is deployed."
MEASURE 4.3,"Measurable gains or drops in performance, drawn from affected communities and field data, are identified and documented."
MANAGE 1.1,"The organization decides whether the AI system meets its purpose and whether development or deployment should go ahead."
MANAGE 1.2,"Documented AI risks are ranked for action by impact, likelihood, and the resources or methods available."
MANAGE 1.3,"Responses to the highest-priority risks are planned and documented, including whether to reduce, transfer, avoid, or accept each risk."
MANAGE 1.4,"Risks that remain after treatment are documented for later acquirers of the system and for end users."
MANAGE 2.1,"The resources needed to manage AI risk are considered, along with non-AI alternatives that could reduce the chance or size of harm."
MANAGE 2.2,"Deployed AI systems are monitored so drift does not erode their value or pull them out of line with the context of use."
MANAGE 2.3,"The organization follows a procedure to respond and recover when a risk it had not identified before appears."
MANAGE 2.4,"Someone is assigned, and a mechanism is in place, to override or shut off systems that no longer behave as intended."
MANAGE 3.1,"Risks and benefits from third-party resources are monitored regularly, and controls are applied and documented."
MANAGE 3.2,"Pre-trained models used in development are included in regular monitoring and maintenance."
MANAGE 4.1,"After deployment, the organization monitors the system, including user input, appeals, overrides, incidents, recovery, changes, and retirement."
MANAGE 4.2,"System updates include measurable improvement work and regular contact with interested parties."
MANAGE 4.3,"Incidents and errors are reported to relevant people, including affected communities, and tracking, response, and recovery steps are followed and documented."
